{
  "Baseline": {
    "train_mse": [
      0.17301507575021138,
      0.17136862959693816,
      0.17116597172590783,
      0.1710576425487216,
      0.17097784036890826,
      0.17092335756809257,
      0.1708716724979675,
      0.17082452144453936,
      0.1707800687963375,
      0.17073948015557278,
      0.17069813343493148,
      0.17065627046417522,
      0.17062238002064048,
      0.170583730750598,
      0.17055049179419668,
      0.17051937315283117,
      0.17049064177963813,
      0.17046847333498513,
      0.17045084661464355,
      0.17043954827170882
    ],
    "val_mse": [
      0.15945262286718237,
      0.15923589496864257,
      0.15916717497209226,
      0.15955337621860843,
      0.15918752349337612,
      0.15906488606999758,
      0.15899553502857366,
      0.1591661153892629,
      0.15902736794794392,
      0.15895244618637974,
      0.15905575154469515,
      0.1588822608724811,
      0.1589163425525623,
      0.15890793388261384,
      0.15892249716425888,
      0.15889851189682874,
      0.15891210134716394,
      0.1588873470400115,
      0.15886768225486625,
      0.1588925390442133
    ],
    "val_r2": [
      0.435491681098938,
      0.4362589120864868,
      0.43650227785110474,
      0.43513500690460205,
      0.4364301562309265,
      0.43686437606811523,
      0.43710988759994507,
      0.4365059733390808,
      0.4369971752166748,
      0.4372624158859253,
      0.4368966817855835,
      0.4375109076499939,
      0.4373902678489685,
      0.4374200701713562,
      0.4373684525489807,
      0.43745338916778564,
      0.4374052882194519,
      0.43749290704727173,
      0.4375625252723694,
      0.4374745488166809
    ],
    "val_pearson": [
      