{
  "Identity": {
    "overall": {
      "mse": 0.14697544276714325,
      "rmse": 0.3833737637960418,
      "mae": 0.21678568422794342,
      "r2": 0.6114307641983032,
      "pearson_r": 0.8371533751487732,
      "spearman_r": 0.7675651198039689
    },
    "per_depth": {},
    "per_sample": {
      "ENCFF151XPV": {
        "mse": 0.1721075475215912,
        "rmse": 0.4148584668553737,
        "mae": 0.22506390511989594,
        "r2": 0.5107198357582092,
        "pearson_r": 0.7916349172592163,
        "spearman_r": 0.7291736097954672
      },
      "ENCFF192HKZ": {
        "mse": 0.1761869192123413,
        "rmse": 0.41974625574546975,
        "mae": 0.22165140509605408,
        "r2": 0.5152460336685181,
        "pearson_r": 0.7925617694854736,
        "spearman_r": 0.7300244127011298
      },
      "ENCFF270TZL": {
        "mse": 0.11445311456918716,
        "rmse": 0.33830919965201534,
        "mae": 0.20730671286582947,
        "r2": 0.7052208185195923,
        "pearson_r": 0.8735114336013794,
        "spearman_r": 0.8048566022204224
      },
      "ENCFF874GAV": {
        "mse": 0.1256566196680069,
        "rmse": 0.3544807747509121,
        "mae": 0.21320773661136627,
        "r2": 0.6852918267250061,
        "pearson_r": 0.8624712824821472,
        "spearman_r": 0.7977851813469904
      }
    },
    "params": 0
  },
  "Baseline": {
    "overall": {
      "mse": 0.09570849686861038,
      "rmse": 0.3093678988980763,
      "mae": 0.23694568872451782,
      "r2": 0.7469687461853027,
      "pearson_r": 0.8642436265945435,
      "spearman_r": 0.6972095532223693,
      "gain": 0.3488129514611657
    },
    "per_depth": {},
    "per_sample": {
      "ENCFF151XPV": {
        "mse": 0.11529391258955002,
        "rmse": 0.33954957309581474,
        "mae": 0.25716838240623474,
        "r2": 0.6722338795661926,
        "pearson_r": 0.8199911117553711,
        "spearman_r": 0.6216510585645657,
        "gain": 0.15647948876457063
      },
      "ENCFF192HKZ": {
        "mse": 0.11928755044937134,
        "rmse": 0.34538029829359307,
        "mae": 0.25577783584594727,
        "r2": 0.6717967987060547,
        "pearson_r": 0.8197038173675537,
        "spearman_r": 0.6172871390610578,
        "gain": 0.1553546419679987
      },
      "ENCFF270TZL": {
        "mse": 0.07183513045310974,
        "rmse": 0.2680207649662797,
        "mae": 0.2161310613155365,
        "r2": 0.8149853944778442,
        "pearson_r": 0.9029760360717773,
        "spearman_r": 0.76318698744408,
        "gain": 0.5238567841315762
      },
      "ENCFF874GAV": {
        "mse": 0.07682084292173386,
        "rmse": 0.27716573186765686,
        "mae": 0.21902897953987122,
        "r2": 0.8076014518737793,
        "pearson_r": 0.8986285328865051,
        "spearman_r": 0.7611642169001179,
        "gain": 0.5048538834288729
      }
    },
    "best_val_mse": 0.08107554807652474,
    "best_val_r2": 0.712969183921814,
    "total_time": 24836.34728908539,
    "params": 497153
  },
  "CNN": {
    "overall": {
      "mse": 0.09635894000530243,
      "rmse": 0.31041736421357363,
      "mae": 0.235351100564003,
      "r2": 0.7452491521835327,
      "pearson_r": 0.8631534576416016,
      "spearman_r": 0.692776971635731,
      "gain": 0.34438750074780144
    },
    "per_depth": {},
    "per_sample": {
      "ENCFF151XPV": {
        "mse": 0.11612983047962189,
        "rmse": 0.3407782717246243,
        "mae": 0.2550552189350128,
        "r2": 0.6698574423789978,
        "pearson_r": 0.8188274502754211,
        "spearman_r": 0.615181362507723,
        "gain": 0.15036362325532165
      },
      "ENCFF192HKZ": {
        "mse": 0.12019660323858261,
        "rmse": 0.3466938177103575,
        "mae": 0.253353476524353,
        "r2": 0.6692956686019897,
        "pearson_r": 0.8182505369186401,
        "spearman_r": 0.6110767860960961,
        "gain": 0.1489178737588413
      },
      "ENCFF270TZL": {
        "mse": 0.07216678559780121,
        "rmse": 0.2686387641383894,
        "mae": 0.21464185416698456,
        "r2": 0.8141311407089233,
        "pearson_r": 0.902535080909729,
        "spearman_r": 0.7604426046545344,
        "gain": 0.5216583245258939
      },
      "ENCFF874GAV": {
        "mse": 0.07735047489404678,
        "rmse": 0.2781195334636652,
        "mae": 0.21866381168365479,
        "r2": 0.8062750101089478,
        "pearson_r": 0.8980587720870972,
        "spearman_r": 0.7580522821220366,
        "gain": 0.5014402272702869
      }
    },
    "best_val_mse": 0.08138376047682375,
    "best_val_r2": 0.7118780016899109,
    "total_time": 4120.064790964127,
    "params": 1341441
  },
  "GAN": {
    "overall": {
      "mse": 0.13929161429405212,
      "rmse": 0.37321791797025516,
      "mae": 0.2891019284725189,
      "r2": 0.6317449808120728,
      "pearson_r": 0.8026301860809326,
      "spearman_r": 0.6525441692493393,
      "gain": 0.052279528954105696
    },
    "per_depth": {},
    "per_sample": {
      "ENCFF151XPV": {
        "mse": 0.1667369306087494,
        "rmse": 0.4083343367985962,
        "mae": 0.3048696517944336,
        "r2": 0.5259878635406494,
        "pearson_r": 0.7275022864341736,
        "spearman_r": 0.5658655731533994,
        "gain": -0.21989105874881695
      },
      "ENCFF192HKZ": {
        "mse": 0.1728202998638153,
        "rmse": 0.4157166100408009,
        "mae": 0.30773794651031494,
        "r2": 0.5245088338851929,
        "pearson_r": 0.7265774011611938,
        "spearman_r": 0.5568698707081844,
        "gain": -0.22369740654782633
      },
      "ENCFF270TZL": {
        "mse": 0.10627575218677521,
        "rmse": 0.3259996199181453,
        "mae": 0.2670251727104187,
        "r2": 0.726282000541687,
        "pearson_r": 0.865625262260437,
        "spearman_r": 0.7359072395768218,
        "gain": 0.2955747026818078
      },
      "ENCFF874GAV": {
        "mse": 0.11190639436244965,
        "rmse": 0.3345241312109631,
        "mae": 0.2770966589450836,
        "r2": 0.7197294235229492,
        "pearson_r": 0.8604329228401184,
        "spearman_r": 0.7265137316044084,
        "gain": 0.27871135783872336
      }
    },
    "best_val_mse": 0.11386459407551419,
    "best_val_r2": 0.596886396408081,
    "total_time": 25023.506945610046,
    "params": 2206338
  }
}