{
  "Identity": {
    "overall": {
      "mse": 0.4866393208503723,
      "rmse": 0.6975953847685435,
      "mae": 0.4311791658401489,
      "r2": -0.286562442779541,
      "pearson_r": 0.5258126854896545,
      "spearman_r": 0.41578834379886204
    },
    "per_depth": {},
    "per_sample": {
      "ENCFF151XPV": {
        "mse": 0.4799548089504242,
        "rmse": 0.692787708429086,
        "mae": 0.41004490852355957,
        "r2": -0.3644512891769409,
        "pearson_r": 0.47855204343795776,
        "spearman_r": 0.361103775966062
      },
      "ENCFF192HKZ": {
        "mse": 0.48193466663360596,
        "rmse": 0.6942151443418718,
        "mae": 0.40115755796432495,
        "r2": -0.3259766101837158,
        "pearson_r": 0.4786418676376343,
        "spearman_r": 0.361981515683153
      },
      "ENCFF270TZL": {
        "mse": 0.48117199540138245,
        "rmse": 0.6936656221850571,
        "mae": 0.4555228054523468,
        "r2": -0.23928022384643555,
        "pearson_r": 0.567862868309021,
        "spearman_r": 0.4617883932211038
      },
      "ENCFF874GAV": {
        "mse": 0.5034247636795044,
        "rmse": 0.7095243221197596,
        "mae": 0.45748284459114075,
        "r2": -0.26083195209503174,
        "pearson_r": 0.5518847703933716,
        "spearman_r": 0.45214763703948896
      }
    },
    "params": 0
  },
  "Baseline": {
    "overall": {
      "mse": 0.19084419310092926,
      "rmse": 0.43685717700517324,
      "mae": 0.37121620774269104,
      "r2": 0.4954518675804138,
      "pearson_r": 0.7051323652267456,
      "spearman_r": 0.43366826273708586,
      "gain": 0.6078323790258169
    },
    "per_depth": {},
    "per_sample": {
      "ENCFF151XPV": {
        "mse": 0.220433309674263,
        "rmse": 0.46950325842773766,
        "mae": 0.4052658975124359,
        "r2": 0.37333571910858154,
        "pearson_r": 0.6131791472434998,
        "spearman_r": 0.31949963340556436,
        "gain": 0.5129157668107054
      },
      "ENCFF192HKZ": {
        "mse": 0.22804203629493713,
        "rmse": 0.4775374710899001,
        "mae": 0.4057447910308838,
        "r2": 0.3725738525390625,
        "pearson_r": 0.6128659248352051,
        "spearman_r": 0.32595588315472046,
        "gain": 0.5123235945661363
      },
      "ENCFF270TZL": {
        "mse": 0.1546689122915268,
        "rmse": 0.3932796871076954,
        "mae": 0.3341357409954071,
        "r2": 0.6016432046890259,
        "pearson_r": 0.7760956287384033,
        "spearman_r": 0.5246875499244237,
        "gain": 0.690371192205527
      },
      "ENCFF874GAV": {
        "mse": 0.16086776554584503,
        "rmse": 0.40108324017072194,
        "mae": 0.3403106927871704,
        "r2": 0.5971051454544067,
        "pearson_r": 0.7730902433395386,
        "spearman_r": 0.5406765531862936,
        "gain": 0.686843917443165
      }
    },
    "best_val_mse": 0.15886768225486625,
    "best_val_r2": 0.4375625252723694,
    "total_time": 16873.112920045853,
    "params": 497153
  },
  "CNN": {
    "overall": {
      "mse": 0.19558392465114594,
      "rmse": 0.44224871356641154,
      "mae": 0.37497296929359436,
      "r2": 0.48292112350463867,
      "pearson_r": 0.6982243657112122,
      "spearman_r": 0.40579390585396874,
      "gain": 0.5980926698137998
    },
    "per_depth": {},
    "per_sample": {
      "ENCFF151XPV": {
        "mse": 0.22628609836101532,
        "rmse": 0.47569538400221556,
        "mae": 0.40660881996154785,
        "r2": 0.3566970229148865,
        "pearson_r": 0.6033133268356323,
        "spearman_r": 0.2843937892596526,
        "gain": 0.49998309005873354
      },
      "ENCFF192HKZ": {
        "mse": 0.23423349857330322,
        "rmse": 0.4839767541662546,
        "mae": 0.40944910049438477,
        "r2": 0.35553890466690063,
        "pearson_r": 0.6015248894691467,
        "spearman_r": 0.2895586110385669,
        "gain": 0.49908292524008413
      },
      "ENCFF270TZL": {
        "mse": 0.15759313106536865,
        "rmse": 0.3969800134331307,
        "mae": 0.33791202306747437,
        "r2": 0.5941118001937866,
        "pearson_r": 0.7717068195343018,
        "spearman_r": 0.5045148001890719,
        "gain": 0.6845172948393269
      },
      "ENCFF874GAV": {
        "mse": 0.1648833155632019,
        "rmse": 0.4060582662170565,
        "mae": 0.34651368856430054,
        "r2": 0.5870481729507446,
        "pearson_r": 0.7674367427825928,
        "spearman_r": 0.5170136443951677,
        "gain": 0.6790269843746584
      }
    },
    "best_val_mse": 0.1612758831534646,
    "best_val_r2": 0.42903685569763184,
    "total_time": 3675.3008325099945,
    "params": 1341441
  },
  "GAN": {
    "overall": {
      "mse": 0.22383533418178558,
      "rmse": 0.47311239064495614,
      "mae": 0.39223113656044006,
      "r2": 0.40823084115982056,
      "pearson_r": 0.6587427258491516,
      "spearman_r": 0.3975173762831984,
      "gain": 0.5400385250157795
    },
    "per_depth": {},
    "per_sample": {
      "ENCFF151XPV": {
        "mse": 0.2558114528656006,
        "rmse": 0.5057780668095451,
        "mae": 0.4193735718727112,
        "r2": 0.2727600932121277,
        "pearson_r": 0.5443555116653442,
        "spearman_r": 0.2780367773727482,
        "gain": 0.434741849593624
      },
      "ENCFF192HKZ": {
        "mse": 0.2645440101623535,
        "rmse": 0.5143384198777625,
        "mae": 0.4229292571544647,
        "r2": 0.27214372158050537,
        "pearson_r": 0.5450561046600342,
        "spearman_r": 0.28283300030508074,
        "gain": 0.43426276547681214
      },
      "ENCFF270TZL": {
        "mse": 0.1842881292104721,
        "rmse": 0.42928793275664306,
        "mae": 0.359126478433609,
        "r2": 0.5253576040267944,
        "pearson_r": 0.7444496154785156,
        "spearman_r": 0.495780152687022,
        "gain": 0.6310770622623111
      },
      "ENCFF874GAV": {
        "mse": 0.1913929581642151,
        "rmse": 0.4374848090668007,
        "mae": 0.3680221140384674,
        "r2": 0.520654559135437,
        "pearson_r": 0.743294358253479,
        "spearman_r": 0.5058907558962645,
        "gain": 0.6274215499179613
      }
    },
    "best_val_mse": 0.17752748558081677,
    "best_val_r2": 0.37150144577026367,
    "total_time": 16873.469419002533,
    "params": 2206338
  }
}